time_s;signal1;signal2
0.0;0.00421940928270037;0.03937007874015741
0.01;0.00421940928270037;0.0681574803149606
0.02;0.00421940928270037;0.0969448818897638
0.03;0.00421940928270037;0.08483464566929133
0.04;0.00421940928270037;0.0632440944881889
0.05;0.00421940928270037;0.06409448818897627
0.06;0.00421940928270037;0.07848818897637781
0.07;0.01597468354430377;0.09601574803149596
0.08;0.04297046413502103;0.11760629921259838
0.09;0.06615189873417712;0.11428346456692913
0.1;0.07772151898734175;0.03511811023622044
0.11;0.09134177215189877;-0.042771653543307024
0.12;0.13762025316455706;-0.10034645669291332
0.13;0.1838987341772154;-0.1579212598425197
0.14;0.21674261603375541;-0.22176377952755913
0.15;0.24759493670886076;-0.28653543307086604
0.16;0.2810801687763714;-0.31691338582677164
0.17;0.31578902953586513;-0.3313070866141733
0.18;0.3371476793248946;-0.3385826771653544
0.19;0.3448607594936709;-0.3385826771653544
0.2;0.35611814345991555;-0.3407874015748032
0.21;0.3754008438818564;-0.34798425196850397
0.22;0.3892151898734176;-0.35433070866141736
0.23;0.3622194092827004;-0.35433070866141736
0.24;0.3352236286919833;-0.35433070866141736
0.25;0.34767932489451486;-0.34094488188976385
0.26;0.36310548523206754;-0.32655118110236225
0.27;0.37567088607594934;-0.3281732283464568
0.28;0.38724050632911383;-0.33537007874015756
0.29;0.39454008438818555;-0.3385826771653544
0.3;0.3983966244725738;-0.3385826771653544
0.31;0.4050717299578059;-0.307023622047244
0.32;0.41664135021097043;-0.22066141732283445
0.33;0.42547679324894505;-0.15853543307086626
0.34;0.4216202531645569;-0.20891338582677182
0.35000000000000003;0.41776371308016874;-0.2592913385826774
0.36;0.4177215189873418;-0.23137007874015753
0.37;0.4177215189873418;-0.20258267716535439
0.38;0.41154430379746837;-0.18532283464566934
0.39;0.403831223628692;-0.17092913385826772
0.4;0.40556962025316456;-0.16535433070866135
0.41000000000000003;0.413282700421941;-0.16535433070866135
0.42;0.3931645569620251;-0.18674015748031506
0.43;0.33531645569620244;-0.23711811023622048
0.44;0.3020759493670886;-0.2738897637795275
0.45;0.34835443037974684;-0.26669291338582674
0.46;0.3924050632911391;-0.26053543307086613
0.47000000000000003;0.3924050632911391;-0.2749291338582677
0.48;0.3924050632911391;-0.2893228346456692
0.49;0.38577215189873415;-0.27896062992125986
0.5;0.3780590717299579;-0.2645669291338583
0.51;0.37552742616033763;-0.25984251968503935
0.52;0.37552742616033763;-0.25984251968503935
0.53;0.37739240506329125;-0.25984251968503935
0.54;0.3812489451476794;-0.25984251968503935
0.55;0.3805485232067509;-0.2619685039370079
0.56;0.3689789029535864;-0.26916535433070865
0.5700000000000001;0.3586497890295357;-0.2763622047244094
0.58;0.3586497890295357;-0.2835590551181101
0.59;0.3586497890295357;-0.29075590551181085
0.6;0.3657383966244725;-0.25165354330708684
0.61;0.373451476793249;-0.20847244094488193
0.62;0.3868016877637132;-0.1758110236220472
0.63;0.402227848101266;-0.147023622047244
0.64;0.41137552742616046;-0.16510236220472466
0.65;0.4152320675105486;-0.22267716535433102
0.66;0.41362025316455686;-0.23943307086614135
0.67;0.40205063291139226;-0.18185826771653502
0.68;0.39112236286919816;-0.12907086614173205
0.6900000000000001;0.38340928270042185;-0.10028346456692894
0.7000000000000001;0.3756962025316456;-0.07149606299212583
0.71;0.32648945147679365;-0.12718110236220448
0.72;0.27635443037974744;-0.18475590551181054
0.73;0.29019409282700415;-0.19116535433070875
0.74;0.32104641350210983;-0.1839685039370078
0.75;0.35654008438818585;-0.18976377952755902
0.76;0.3951054852320677;-0.2041574803149607
0.77;0.4177215189873418;-0.2066456692913386
0.78;0.4177215189873418;-0.192251968503937
0.79;0.41076793248945165;-0.18596850393700767
0.8;0.3799156118143459;-0.20755905511811024
0.81;0.3506413502109705;-0.2278110236220472
0.8200000000000001;0.3622109704641352;-0.21341732283464554
0.8300000000000001;0.37378059071729985;-0.19902362204724391
0.84;0.36570464135021097;-0.18462992125984248
0.85;0.35413502109704637;-0.17023622047244089
0.86;0.3604050632911392;-0.16535433070866135
0.87;0.3758312236286919;-0.16535433070866135
0.88;0.3821434599156118;-0.15855118110236213
0.89;0.37828691983122364;-0.14415748031496056
0.9;0.37552742616033763;-0.13385826771653542
0.91;0.37552742616033763;-0.13385826771653542
0.92;0.37664135021097056;-0.13385826771653542
0.93;0.3882109704641351;-0.13385826771653542
0.9400000000000001;0.39978059071729966;-0.13385826771653542
0.9500000000000001;0.3798312236286918;-0.12732283464566924
0.96;0.3566919831223629;-0.12012598425196855
0.97;0.3446582278481013;-0.11811023622047245
0.98;0.33694514767932504;-0.11811023622047245
0.99;0.3333333333333335;-0.14872440944881865
1.0;0.3333333333333335;-0.2062992125984247
1.01;0.34393248945147664;-0.23667716535433095
1.02;0.3747848101265822;-0.2150866141732285
1.03;0.3984472573839662;-0.195732283464567
1.04;0.38302109704641335;-0.18853543307086607
1.05;0.3675949367088605;-0.18133858267716516
1.06;0.36708860759493667;-0.18806299212598432
1.07;0.36708860759493667;-0.19525984251968515
1.08;0.35206751054852303;-0.1968503937007875
1.09;0.332784810126582;-0.1968503937007875
1.1;0.33628691983122394;-0.2011023622047246
1.11;0.35556962025316474;-0.20829921259842535
1.12;0.36087763713080157;-0.20390551181102354
1.1300000000000001;0.345451476793249;-0.1823149606299212
1.1400000000000001;0.33829535864978916;-0.16535433070866135
1.1500000000000001;0.3614345991561183;-0.16535433070866135
1.16;0.3838649789029536;-0.164976377952756
1.17;0.3800084388185655;-0.1505826771653545
1.18;0.37615189873417737;-0.13618897637795302
1.19;0.37552742616033763;-0.10370078740157532
1.2;0.37552742616033763;-0.06771653543307113
1.21;0.38054008438818565;-0.04576377952755903
1.22;0.38825316455696196;-0.0313700787401574
1.23;0.38528270042194074;-0.013653543307086524
1.24;0.36985654008438806;0.007937007874015703
1.25;0.361814345991561;0.007874015748031614
1.26;0.3733839662447257;-0.04970078740157502
1.27;0.3796877637130797;-0.1072755905511816
1.28;0.32955274261603357;-0.16485039370078766
1.29;0.27941772151898736;-0.2224251968503937
1.3;0.32962025316455723;-0.2541732283464568
1.31;0.39132489451476865;-0.2829606299212601
1.32;0.4120168776371309;-0.3270551181102366
1.33;0.41587341772151903;-0.3774330708661419
1.34;0.41972995780590716;-0.40532283464566926
1.35;0.42358649789029534;-0.4125196850393701
1.36;0.40563713080168684;-0.4149291338582676
1.37;0.34393248945147614;-0.4077322834645668
1.3800000000000001;0.2983797468354434;-0.39533858267716504
1.3900000000000001;0.34851476793249003;-0.35215748031496
1.4000000000000001;0.39864978902953674;-0.308976377952755
1.41;0.3750295358649789;-0.27955905511811013
1.42;0.34803375527426145;-0.2507716535433069
1.43;0.35658227848101265;-0.22751181102362214
1.44;0.37586497890295323;-0.20592125984252013
1.45;0.3750210970464138;-0.19267716535433088
1.46;0.3595949367088609;-0.18548031496062997
1.47;0.36229535864978873;-0.16700787401574824
1.48;0.3931476793248945;-0.13102362204724416
1.49;0.4177215189873418;-0.10675590551181115
1.5;0.4177215189873418;-0.12834645669291359
1.51;0.41795780590717324;-0.1502677165354337
1.52;0.4333839662447259;-0.19344881889763826
1.53;0.44881012658227865;-0.23662992125984283
1.54;0.44190717299578053;-0.2440944881889764
1.55;0.430337552742616;-0.2440944881889764
1.56;0.42123206751054854;-0.26248818897637777
1.57;0.4135189873417723;-0.29127559055118074
1.58;0.4144978902953586;-0.2973543307086616
1.59;0.4260675105485232;-0.2757637795275591
1.6;0.44067510548523214;-0.2296062992125982
1.61;0.4638143459915614;-0.11445669291338492
1.62;0.4835105485232065;-0.006803149606299007
1.6300000000000001;0.46037130801687726;0.007590551181102625
1.6400000000000001;0.437232067510548;0.02198425196850426
1.6500000000000001;0.4106751054852313;0.03000000000000017
1.6600000000000001;0.38367932489451384;0.037196850393700985
1.67;0.38898734177215205;0.014251968503936754
1.68;0.4082700421940927;-0.0217322834645666
1.69;0.4196877637130801;-0.09074015748031367
1.7;0.42354430379746827;-0.1914960629921253
1.71;0.4261603375527425;-0.25752755905511815
1.72;0.4261603375527425;-0.2503307086614174
1.73;0.4246160337552743;-0.2440944881889764
1.74;0.4130464135021097;-0.2440944881889764
1.75;0.40147679324894514;-0.2440944881889764
1.76;0.41542616033755286;-0.23729133858267715
1.77;0.4308523206751057;-0.23009448818897632
1.78;0.4345991561181435;-0.23924409448818915
1.79;0.4345991561181435;-0.2536377952755906
1.8;0.4258227848101266;-0.24755905511811022
1.81;0.41039662447257386;-0.22596850393700796
1.82;0.41112236286919823;-0.22081889763779528
1.83;0.4381181434599156;-0.2424094488188977
1.84;0.4547172995780588;-0.26261417322834657
1.85;0.42772151898734134;-0.27700787401574817
1.86;0.4008776371308018;-0.2913700787401576
1.87;0.4085907172995782;-0.2985669291338583
1.8800000000000001;0.41630379746835455;-0.30576377952755907
1.8900000000000001;0.43975527426160355;-0.3129606299212599
1.9000000000000001;0.4667510548523207;-0.3201574803149607
1.9100000000000001;0.4695274261603375;-0.29571653543307075
1.92;0.45795780590717317;-0.2525354330708667
1.93;0.4277299578059075;-0.22518110236220482
1.94;0.37373839662447267;-0.217984251968504
1.95;0.34206751054852347;-0.21259842519685046
1.96;0.376776371308017;-0.21259842519685046
1.97;0.408059071729958;-0.21259842519685046
1.98;0.3887763713080169;-0.21259842519685046
1.99;0.36949367088607576;-0.21259842519685046
2.0;0.3738396624472573;-0.20629921259842532
2.0100000000000002;0.3815527426160338;-0.19910236220472446
2.02;0.4078143459915607;-0.19190551181102375
2.0300000000000002;0.44252320675105566;-0.1847086614173226
2.04;0.46568776371308024;-0.17033070866141703
2.05;0.47725738396624456;-0.14874015748031527
2.06;0.4804388185654009;-0.14056692913385826
2.07;0.46501265822784854;-0.16215748031496002
2.08;0.4514767932489452;-0.17845669291338584
2.09;0.4514767932489452;-0.15686614173228366
2.1;0.4514767932489452;-0.1352755905511805
2.11;0.44066666666666665;-0.1405826771653543
2.12;0.4290970464135018;-0.1477795275590552
2.13;0.42040506329113925;-0.17108661417322812
2.14;0.4126919831223628;-0.19987401574803185
2.15;0.4351054852320669;-0.2166141732283464
2.16;0.48138396624472585;-0.2238110236220473
2.17;0.506270042194093;-0.22568503937007892
2.18;0.49470042194092806;-0.21848818897637787
2.19;0.48172995780590705;-0.21259842519685046
2.2;0.4624472573839658;-0.21259842519685046
2.21;0.4431645569620254;-0.21259842519685046
2.22;0.4277130801687762;-0.21259842519685046
2.23;0.41228691983122384;-0.21259842519685046
2.24;0.40928270042194104;-0.2068031496062992
2.25;0.40928270042194104;-0.19960629921259862
2.2600000000000002;0.41166244725738405;-0.20573228346456707
2.27;0.4155189873417721;-0.22012598425196822
2.2800000000000002;0.42102953586497893;-0.22525984251968506
2.29;0.4287426160337553;-0.21806299212598432
2.3000000000000003;0.4345991561181435;-0.207401574803149
2.31;0.4345991561181435;-0.18581102362204716
2.32;0.4350042194092826;-0.1638425196850399
2.33;0.4427172995780592;-0.1350551181102357
2.34;0.4504303797468356;-0.1062677165354328
2.35;0.45814345991561195;-0.1210236220472444
2.36;0.465856540084388;-0.14261417322834571
2.37;0.47356962025316457;-0.1252755905511814
2.38;0.4812827004219409;-0.08929133858267774
2.39;0.4833502109704641;-0.08491338582677213
2.4;0.479493670886076;-0.11370078740157447
2.41;0.47448101265822773;-0.12738582677165328
2.42;0.46676793248945136;-0.1057952755905511
2.43;0.4556118143459899;-0.08420472440944798
2.44;0.41704641350210914;-0.06261417322834614
2.45;0.37848101265822665;-0.04102362204724332
2.46;0.4075780590717302;-0.03937007874015741
2.47;0.4422869198312245;-0.03937007874015741
2.48;0.4316286919831224;-0.049952755905511764
2.49;0.40463291139240454;-0.06434645669291367
2.5;0.38818565400843874;-0.0511811023622048
2.5100000000000002;0.38047257383966215;-0.015196850393699453
2.52;0.381063291139241;0.0052913385826769774
2.5300000000000002;0.396489451476794;-0.0019055118110239255
2.54;0.40928270042194104;-0.017700787401575515
2.5500000000000003;0.40928270042194104;-0.07527559055118167
2.56;0.40928270042194104;-0.13285039370078527
2.57;0.4206497890295354;-0.14799999999999933
2.58;0.4322194092827004;-0.16239370078740142
2.59;0.43153586497890306;-0.19393700787401472
2.6;0.4276793248945147;-0.22992125984251932
2.61;0.4284978902953585;-0.23537007874015786
2.62;0.43235443037974686;-0.22097637795275576
2.63;0.4329873417721519;-0.20658267716535436
2.64;0.4291308016877636;-0.19218897637795246
2.65;0.42970464135021075;-0.17448818897637813
2.66;0.44513080168776376;-0.1457007874015745
2.67;0.4599156118143459;-0.11900787401574768
2.68;0.4599156118143459;-0.14059842519685084
2.69;0.4599156118143459;-0.16218897637795301
2.7;0.4270042194092813;-0.21448818897637995
2.71;0.3884388185654005;-0.2720629921259847
2.72;0.4165738396624498;-0.3104881889763791
2.73;0.47827848101266035;-0.3392755905511821
2.74;0.5160675105485237;-0.3611968503937016
2.75;0.5276371308016877;-0.37559055118110246
2.7600000000000002;0.5302953586497887;-0.3816692913385825
2.77;0.5110126582278484;-0.36727559055118136
2.7800000000000002;0.48940084388185634;-0.3521574803149606
2.79;0.4469789029535866;-0.33056692913385827
2.8000000000000003;0.40455696202531494;-0.308976377952755
2.81;0.3938059071729957;-0.30708661417322825
2.82;0.3860928270042195;-0.30708661417322825
2.83;0.3979324894514771;-0.32793700787401614
2.84;0.4172151898734178;-0.35672440944881917
2.85;0.41789029535864924;-0.34307086614173093
2.86;0.40246413502109724;-0.29269291338582776
2.87;0.39106329113924043;-0.26485039370078717
2.88;0.3872067510548524;-0.2792440944881883
2.89;0.38088607594936746;-0.2844409448818906
2.9;0.36160337552742666;-0.2412598425196862
2.91;0.34232067510548503;-0.1980787401574799
2.92;0.35301265822784794;-0.18985826771653555
2.93;0.36458227848101266;-0.18266141732283453
2.94;0.3791729957805906;-0.19237795275590536
2.95;0.39459915611814395;-0.20677165354330757
2.96;0.39854852320675094;-0.22544881889763813
2.97;0.39469198312236264;-0.24703937007874083
2.98;0.40339240506329116;-0.2803464566929136
2.99;0.430388185654009;-0.33072440944882
3.0;0.449789029535865;-0.37480314960629924
3.0100000000000002;0.44207594936708833;-0.3963937007874024
3.02;0.4364894514767952;-0.416881889763779
3.0300000000000002;0.49819409282700594;-0.4024881889763775
3.04;0.559898734177214;-0.3880944881889766
3.0500000000000003;0.5403797468354425;-0.3555118110236215
3.06;0.5056708860759491;-0.31952755905511776
3.0700000000000003;0.4684388185653996;-0.28825196850393603
3.08;0.4298734177215189;-0.25946456692913367
3.09;0.39490295358649863;-0.2508031496062989
3.1;0.36405063291139256;-0.2651968503937007
3.11;0.3439156118143458;-0.27759055118110215
3.12;0.3516286919831224;-0.2847874015748032
3.13;0.3572658227848099;-0.28875590551181085
3.14;0.3418396624472573;-0.2599685039370078
3.15;0.3264135021097054;-0.23118110236220604
3.16;0.3144641350210972;-0.24132283464566914
3.17;0.3028945147679328;-0.2557165354330706
3.18;0.3133333333333336;-0.2649763779527559
3.19;0.33261603375527393;-0.2721732283464565
3.2;0.36405063291139284;-0.2529133858267712
3.21;0.4064725738396626;-0.20973228346456674
3.22;0.43979746835443095;-0.18595275590551222
3.23;0.4552236286919833;-0.2003464566929135
3.24;0.4660590717299575;-0.21259842519685046
3.25;0.45063291139240513;-0.21259842519685046
3.2600000000000002;0.43520675105485207;-0.21259842519685046
3.27;0.4531223628691985;-0.2817322834645677
3.2800000000000002;0.4724050632911401;-0.3537007874015783
3.29;0.4738143459915611;-0.4089921259842533
3.3000000000000003;0.46995780590717284;-0.4593700787401597
3.31;0.5044050632911411;-0.47190551181102325
3.3200000000000003;0.5661097046413543;-0.45751181102362115
3.33;0.5911561181434585;-0.4231653543307058
3.34;0.5603037974683543;-0.3583937007874016
3.35;0.5174261603375526;-0.3115748031496062
3.36;0.42872573839662675;-0.33316535433070804
3.37;0.34222784810126566;-0.35404724409448834
3.38;0.3653670886075946;-0.33965354330708686
3.39;0.38850632911392446;-0.32525984251968476
3.4;0.41164556962025317;-0.31685039370078744
3.41;0.4347848101265828;-0.3096535433070864
3.42;0.40830379746835427;-0.3117165354330709
3.43;0.35431223628691755;-0.31891338582677203
3.44;0.33542616033755324;-0.3162834645669289
3.45;0.3585654008438823;-0.3018897637795273
3.46;0.3693502109704648;-0.28557480314960676
3.47;0.34621097046413524;-0.26398425196850406
3.48;0.3270210970464127;-0.24182677165354424
3.49;0.35401687763713097;-0.21303937007873994
3.5;0.3810126582278481;-0.1842519685039369
3.5100000000000002;0.40800843881856597;-0.1811023622047243
3.52;0.43500421940928263;-0.1811023622047243
3.5300000000000002;0.4647088607594946;-0.19626771653543357
3.54;0.49556118143459976;-0.21785826771653588
3.5500000000000003;0.4907172995780572;-0.2505511811023643
3.56;0.4521518987341763;-0.2937322834645679
3.5700000000000003;0.4374767932489464;-0.3345669291338597
3.58;0.47218565400843915;-0.3705511811023626
3.59;0.5037046413502108;-0.3936377952755912
3.6;0.5152742616033757;-0.3360629921259827
3.61;0.5268438818565403;-0.2784881889763767
3.62;0.5054514767932484;-0.24825196850393644
3.63;0.48231223628692044;-0.21946456692913469
3.64;0.42393248945147666;-0.22903937007874023
3.65;0.35451476793248976;-0.2506299212598424
3.66;0.31605063291139207;-0.25984251968503935
3.67;0.30062447257383973;-0.25984251968503935
3.68;0.3030210970464139;-0.254299212598425
3.69;0.33387341772151846;-0.23990551181102382
3.7;0.3632067510548524;-0.22834645669291342
3.71;0.3863459915611815;-0.22834645669291342
3.72;0.40928270042194104;-0.22828346456692888
3.73;0.40928270042194104;-0.22108661417322845
3.74;0.40928270042194104;-0.21388976377952768
3.75;0.39029535864978954;-0.21259842519685046
3.7600000000000002;0.36715611814345944;-0.21259842519685046
3.77;0.38059915611814327;-0.1898425196850395
3.7800000000000002;0.41530801687763763;-0.1538582677165349
3.79;0.4208945147679329;-0.15623622047244035
3.8000000000000003;0.3900421940928268;-0.20661417322834677
3.81;0.37103797468354405;-0.2588346456692905
3.8200000000000003;0.3864641350210974;-0.316409448818899
3.83;0.40345991561181493;-0.3681259842519681
3.84;0.4420253164556958;-0.33933858267716566
3.85;0.48059071729957836;-0.3105511811023619
3.86;0.49540928270042195;-0.29442519685039364
3.87;0.5069789029535869;-0.28003149606299155
3.88;0.5132151898734179;-0.2905196850393704
3.89;0.5170717299578061;-0.31211023622047324
3.9;0.4801687763713083;-0.3590551181102361
3.91;0.4030379746835447;-0.43102362204724376
3.92;0.3319831223628714;-0.4735118110236229
3.93;0.2741350210970465;-0.45192125984251963
3.94;0.22607594936708858;-0.4275905511811027
3.95;0.24535864978902983;-0.38440944881889727
3.96;0.2646413502109702;-0.34122834645669375
3.97;0.30202531645569697;-0.35885039370078786
3.98;0.3405907172995785;-0.38044094488189
3.99;0.3415274261603371;-0.39122834645669313
4.0;0.3299578059071729;-0.39842519685039374
4.01;0.32706329113924043;-0.4096692913385822
4.0200000000000005;0.33091983122362884;-0.42406299212598436
4.03;0.3362194092827004;-0.4169133858267724
4.04;0.34393248945147664;-0.373732283464568
4.05;0.3602531645569603;-0.3359055118110241
4.0600000000000005;0.41424472573839943;-0.32151181102362125
4.07;0.4682362869198337;-0.3071181102362197
4.08;0.4645063291139239;-0.3214488188976383
4.09;0.4606497890295357;-0.3358425196850399
4.1;0.4786497890295357;-0.33275590551181117
4.11;0.5017890295358658;-0.32555905511811006
4.12;0.4913755274261599;-0.3317795275590554
4.13;0.46052320675105474;-0.34617322834645686
4.14;0.44470886075949373;-0.3761574803149599
4.15;0.448565400843882;-0.4265354330708675
4.16;0.46659915611814284;-0.4592755905511814
4.17;0.5283037974683533;-0.4376850393700791
4.18;0.5836455696202543;-0.41404724409448945
4.19;0.5335105485232037;-0.3564724409448784
4.2;0.48337552742615764;-0.29889763779527245
4.21;0.4432911392405058;-0.2850866141732282
4.22;0.40472573839662573;-0.2778897637795278
4.23;0.35828691983122174;-0.3049763779527574
4.24;0.3081518987341757;-0.34815748031496185
4.25;0.29789029535865036;-0.40196850393700934
4.26;0.3287426160337557;-0.466740157480316
4.2700000000000005;0.35490295358649915;-0.5008661417322803
4.28;0.3703291139240512;-0.46488188976377803
4.29;0.3817299578059072;-0.42722834645669294
4.3;0.36244725738396644;-0.3768503937007879
4.3100000000000005;0.3431645569620239;-0.32647244094487826
4.32;0.31672573839662366;-0.31615748031496044
4.33;0.28972995780590755;-0.3089606299212599
4.34;0.29981434599156037;-0.28579527559055207
4.3500000000000005;0.3229535864978915;-0.2570078740157466
4.36;0.34183966244725816;-0.24806299212598457
4.37;0.35726582278481067;-0.2552598425196853
4.38;0.3740928270042197;-0.25984251968503935
4.39;0.3933755274261598;-0.25984251968503935
4.4;0.40590717299578033;-0.2623622047244097
4.41;0.3866244725738395;-0.2767559055118111
4.42;0.36734177215189856;-0.2911496062992126
4.43;0.4089535864978885;-0.3268503937007859
4.44;0.45137552742616033;-0.36283464566929136
4.45;0.5276793248945135;-0.39307086614173187
4.46;0.6125232067510531;-0.4218582677165348
4.47;0.6149620253164568;-0.4286771653543308
4.48;0.5648270042194063;-0.42148031496062943
4.49;0.49514767932489123;-0.39300787401574605
4.5;0.3987341772151911;-0.33543307086614244
4.51;0.30051476793249476;-0.2963937007874004
4.5200000000000005;0.19638818565400507;-0.31798425196850466
4.53;0.10129957805907387;-0.33990551181102435
4.54;0.19385654008438608;-0.3686929133858261
4.55;0.2864135021096983;-0.39748031496062786
4.5600000000000005;0.34258227848101314;-0.37688188976377934
4.57;0.39271729957805923;-0.34809448818897637
4.58;0.4221940928270042;-0.3385826771653544
4.59;0.44147679324894495;-0.3385826771653544
4.6000000000000005;0.4329113924050613;-0.317795275590549
4.61;0.3943459915611812;-0.27461417322834625
4.62;0.3772658227848091;-0.2440944881889764
4.63;0.4119746835443026;-0.2440944881889764
4.64;0.4454683544303789;-0.2403149606299228
4.65;0.46860759493670984;-0.20433070866141584
4.66;0.4917468354430387;-0.1683464566929121
4.67;0.536101265822786;-0.13896062992125902
4.68;0.5823797468354441;-0.1101732283464561
4.69;0.5668354430379718;-0.19151181102363118
4.7;0.5282700421940918;-0.3138582677165388
4.71;0.4771983122362881;-0.4011968503936997
4.72;0.4154936708860801;-0.4587716535433033
4.73;0.4094936708860751;-0.5087401574803146
4.74;0.505907172995779;-0.5447244094488184
4.75;0.5858649789029536;-0.5688976377952765
4.76;0.5820084388185655;-0.5329133858267727
4.7700000000000005;0.578151898734177;-0.49692913385826576
4.78;0.4764388185653958;-0.4328503937007843
4.79;0.37231223628691545;-0.36807874015747766
4.8;0.33198312236286914;-0.3656692913385827
4.8100000000000005;0.3088438818565391;-0.3800629921259849
4.82;0.32501265822784914;-0.36425196850393615
4.83;0.36743459915611876;-0.3282677165354324
4.84;0.3876455696202529;-0.33669291338582746
4.8500000000000005;0.37607594936708744;-0.40866141732284134
4.86;0.368810126582279;-0.4709921259842543
4.87;0.37652320675105505;-0.499779527559056
4.88;0.38342616033755295;-0.522771653543309
4.89;0.36800000000000027;-0.3860314960629949
4.9;0.35257383966244626;-0.24929133858266872
4.91;0.3567426160337554;-0.21615748031496038
4.92;0.36445569620253143;-0.2017637795275595
4.93;0.3950295358649769;-0.13996850393701185
4.94;0.43745147679325047;-0.053606299212595215
4.95;0.49075949367088806;0.025984251968506178
4.96;0.5563206751054868;0.09795275590551358
4.97;0.6109957805907175;0.15366929133858276
4.98;0.637991561181436;0.16806299212598502
4.99;0.6493839662447249;0.17162204724409397
5.0;0.510548523206751;0.07086614173228356
5.01;0.3717130801687771;-0.029889763779526873
5.0200000000000005;0.29576371308016336;-0.1632440944881994
5.03;0.22634599156117646;-0.2999842519685136
5.04;0.23166244725738508;-0.3282519685039365
5.05;0.2663713080168771;-0.3138582677165355
5.0600000000000005;0.28678481012658263;-0.29565354330708543
5.07;0.29449789029535905;-0.27406299212598323
5.08;0.2811476793248925;-0.2573858267716532
5.09;0.2271561181434582;-0.2501889763779525
5.1000000000000005;0.18675105485232427;-0.24740157480315184
5.11;0.22145991561181488;-0.26899212598425226
5.12;0.2561687763713055;-0.2905826771653527
5.13;0.2573839662447257;-0.24966929133858617
5.14;0.2573839662447257;-0.20648818897638177
5.15;0.25139240506329114;-0.20244094488188982
5.16;0.2436793248945148;-0.20963779527559054
5.17;0.23369620253164602;-0.19141732283464719
5.18;0.22212658227848203;-0.15543307086614488
5.19;0.2429873417721499;-0.1136850393700802
5.2;0.31240506329113676;-0.06330708661417499
5.21;0.3736371308016864;-0.017511811023623217
5.22;0.4044894514767918;0.011275590551179701
5.23;0.43450632911392395;0.041795275590554605
5.24;0.4306497890295357;0.14255118110236503
5.25;0.42679324894514753;0.24330708661417544
5.26;0.4616202531645562;0.19366929133858402
5.2700000000000005;0.5040421940928281;0.11450393700787198
5.28;0.4265654008438814;-0.011275590551181755
5.29;0.2838734177215193;-0.16240944881889727
5.3;0.23687763713080104;-0.24740157480314956
5.3100000000000005;0.3024388185654056;-0.25459842519685094
5.32;0.3554430379746846;-0.25788976377952716
5.33;0.37472573839662454;-0.2506929133858267
5.34;0.38310548523207116;-0.23990551181102532
5.3500000000000005;0.2712658227848046;-0.18952755905511565
5.36;0.15942616033754792;-0.13914960629921042
5.37;0.12351898734177116;-0.20470866141732566
5.38;0.09652320675105405;-0.2838740157480338
5.39;0.08315611814345998;-0.27148031496063013
5.4;0.07544303797468327;-0.22110236220472257
5.41;0.10172995780590785;-0.2005826771653545
5.42;0.15957805907173028;-0.20777952755905524
5.43;0.21105485232067506;-0.21022047244094497
5.44;0.24962025316456005;-0.20302362204724358
5.45;0.2832489451476795;-0.19070866141731965
5.46;0.2871054852320677;-0.1475275590551152
5.47;0.29096202531645593;-0.1043464566929107
5.48;0.32793248945147946;-0.04743307086613785
5.49;0.36649789029535795;0.01014173228346342
5.5;0.40506329113923883;0.07874015748031178
5.51;0.4436286919831204;0.15070866141731928
5.5200000000000005;0.4777383966244735;0.19773228346456795
5.53;0.5085907172995788;0.22651968503937087
5.54;0.48386497890295316;0.2244724409448817
5.55;0.3720253164557009;0.17409448818897855
5.5600000000000005;0.28037130801687743;0.09763779527558926
5.57;0.268801687763713;-0.08228346456692931
5.58;0.2566751054852323;-0.25984251968503935
5.59;0.202683544303798;-0.25984251968503935
5.6000000000000005;0.1486919831223589;-0.25984251968503935
5.61;0.19650632911392846;-0.24796850393700695
5.62;0.26592405063291547;-0.2335748031496055
5.63;0.23220253164556717;-0.22834645669291342
5.64;0.13964556962025504;-0.22834645669291342
5.65;0.11109704641350414;-0.2509448818897658
5.66;0.16123206751055025;-0.30132283464567106
5.67;0.20032067510548546;-0.334834645669291
5.68;0.2080337552742618;-0.3204409448818894
5.69;0.2174177215189904;-0.3050078740157451
5.7;0.2482700421940931;-0.27622047244094455
5.71;0.27912236286919584;-0.24743307086614394
5.72;0.2588354430379772;-0.21864566929134122
5.73;0.23183966244725776;-0.18985826771653563
5.74;0.2692489451476784;-0.13102362204724516
5.75;0.33481012658227705;-0.05905511811023777
5.76;0.36708860759493667;-0.0017007874015769198
5.7700000000000005;0.36708860759493667;0.04148031496062954
5.78;0.3658565400843883;0.09845669291338219
5.79;0.36200000000000004;0.18481889763779114
5.8;0.36827004219408876;0.26551181102361976
5.8100000000000005;0.44154430379747045;0.30869291338582805
5.82;0.5148185654008457;0.3518740157480325
5.83;0.3698649789029509;0.20500787401574538
5.84;0.21174683544303619;0.04667716535432903
5.8500000000000005;0.15552742616033605;-0.17141732283466055
5.86;0.13238818565400812;-0.4089133858267754
5.87;0.20323206751054745;-0.4832598425196854
5.88;0.34592405063290943;-0.43288188976378017
5.89;0.38204219409282986;-0.39340157480315
5.9;0.24320675105484368;-0.3718110236220459
5.91;0.1241940928270025;-0.3584409448818908
5.92;0.08948523206751048;-0.38003149606299214
5.93;0.05501265822784478;-0.4014330708661446
5.94;0.12828691983122636;-0.33666141732283217
5.95;0.20156118143460147;-0.27188976377952556
5.96;0.2277468354430383;-0.25398425196850377
5.97;0.24317299578059087;-0.24678740157480303
5.98;0.28756118143460374;-0.23058267716535272
5.99;0.3492658227848119;-0.20899212598425143
6.0;0.3654008438818565;-0.1779527559055119
6.01;0.3229789029535868;-0.13477165354330742
6.0200000000000005;0.303645569620257;-0.10056692913385776
6.03;0.35378059071730306;-0.09337007874015703
6.04;0.40249789029536037;-0.08352755905511496
6.05;0.4294936708860775;-0.033149606299209745
6.0600000000000005;0.456489451476797;0.017228346456699947
6.07;0.4161434599156086;0.036188976377953604
6.08;0.36600843881856654;0.05058267716535389
6.09;0.4215274261603317;0.035401574803151155
6.1000000000000005;0.5256540084388214;0.006614173228345677
6.11;0.5799746835443039;-0.032897637795276616
6.12;0.583831223628692;-0.08327559055118182
6.13;0.5519915611814351;-0.12477165354330699
6.140000000000001;0.44015189873417304;-0.14636220472441022
6.15;0.32645569620253223;-0.16015748031496077
6.16;0.19918987341772285;-0.11697637795275638
6.17;0.07192405063291346;-0.073795275590552
6.18;0.05610126582278497;-0.08428346456692887
6.19;0.048388185654008056;-0.0986771653543316
6.2;0.06362869198312293;-0.11307086614173263
6.21;0.08676793248945089;-0.12746456692913352
6.22;0.09490295358649803;-0.11385826771653712
6.23;0.09104641350210957;-0.07787401574803018
6.24;0.10987341772152066;-0.06570078740157555
6.25;0.16772151898734308;-0.09448818897637856
6.26;0.21242194092826983;-0.11165354330708605
6.2700000000000005;0.1969957805907158;-0.07566929133857911
6.28;0.18156962025316314;-0.03968503937007535
6.29;0.26171308016877676;-0.03937007874015741
6.3;0.34270042194092154;-0.03937007874015741
6.3100000000000005;0.36794092827004193;0.0010866141732275778
6.32;0.3795105485232065;0.05146456692913269
6.33;0.4029367088607586;0.09299212598425087
6.34;0.43378902953586396;0.12897637795275463
6.3500000000000005;0.47451476793249114;0.18031496062992347
6.36;0.5285063291139231;0.25228346456692796
6.37;0.551223628691987;0.2985039370078758
6.38;0.4740928270042239;0.2625196850393722
6.390000000000001;0.3963797468354409;0.22074015748031137
6.4;0.30767932489451316;0.06960629921259573
6.41;0.2189789029535854;-0.08152755905511988
6.42;0.3164725738396631;-0.09615748031496064
6.43;0.4437383966244725;-0.08896062992125991
6.44;0.3916624472573765;-0.09146456692913431
6.45;0.25282700421940824;-0.09866141732283475
6.46;0.16082700421941012;-0.09537007874015782
6.47;0.11840506329114035;-0.08097637795275636
6.48;0.12074261603376144;-0.08585826771653837
6.49;0.22872573839662996;-0.13623622047244346
6.5;0.32194092827004117;-0.178740157480314
6.51;0.2949451476793251;-0.15714960629921268
6.5200000000000005;0.2679493670886067;-0.13555905511810945
6.53;0.2977974683544313;-0.1404881889763781
6.54;0.33250632911392475;-0.14768503937007885
6.55;0.3417721518987342;-0.15488188976377956
6.5600000000000005;0.3417721518987342;-0.16207874015748094
6.57;0.3564810126582297;-0.15359055118110085
6.58;0.38347679324894574;-0.13199999999999953
6.59;0.41872573839662386;-0.08474015748031608
6.6000000000000005;0.46886075949367445;0.008818897637801831
6.61;0.5183459915611844;0.10237795275591144
6.62;0.5646244725738424;0.19593700787402113
6.63;0.6109029535865004;0.2894960629921308
6.640000000000001;0.679864978902963;0.34072440944882565
6.65;0.7492827004219499;0.3911023622047308
6.66;0.5773670886075812;0.3103622047244027
6.67;0.34211814345992236;0.19521259842520017
6.68;0.2419578059071737;-0.011212598425178882
6.69;0.23038818565400834;-0.2774960629921299
6.7;0.2797468354430393;-0.3941732283464558
6.71;0.41472573839662497;-0.30061417322834616
6.72;0.4786160337552766;-0.21851968503937066
6.73;0.30121518987341256;-0.1753385826771641
6.74;0.1315611814345988;-0.13527559055118052
6.75;0.15084388185653957;-0.17125984251968426
6.76;0.17012658227848035;-0.207244094488188
6.7700000000000005;0.2517805907173046;-0.20647244094488157
6.78;0.34433755274262057;-0.19927559055118085
6.79;0.36018565400843855;-0.19207874015748025
6.8;0.3370464135021105;-0.1848818897637797
6.8100000000000005;0.3248945147679325;-0.1708503937007867
6.82;0.3248945147679325;-0.1492598425196845
6.83;0.3403713080168786;-0.13385826771653542
6.84;0.39436286919831287;-0.13385826771653542
6.8500000000000005;0.44265822784810105;-0.1288976377952709
6.86;0.4388016877637128;-0.07851968503936566
6.87;0.43494514767932463;-0.028141732283460452
6.88;0.4451308016877637;0.048440944881889825
6.890000000000001;0.45670042194092825;0.12760629921259856
6.9;0.4849789029535855;0.2275590551181073
6.91;0.5196877637130789;0.3355118110236185
6.92;0.5523375527426148;0.37814173228346515
6.93;0.5831898734177201;0.36374803149606366
6.94;0.5167088607594879;0.2871496062992081
6.95;0.2660337552742675;0.09283464566929583
6.96;0.06457383966244332;-0.08787401574802467
6.97;0.12627848101265396;-0.1958267716535357
6.98;0.1879831223628701;-0.30377952755905635
6.99;0.2534261603375533;-0.20941732283464504
7.0;0.31898734177215204;-0.10866141732283471
7.01;0.25500421940928664;-0.08661417322834652
7.0200000000000005;0.15473417721518964;-0.08661417322834652
7.03;0.2008270042194067;-0.0823464566929136
7.04;0.34737552742615674;-0.07514960629921287
7.05;0.4096202531645589;-0.07086614173228356
7.0600000000000005;0.3479156118143429;-0.07086614173228356
7.07;0.3129451476793278;-0.07086614173228356
7.08;0.3746497890295383;-0.07086614173228356
7.09;0.4339409282700415;-0.07127559055118166
7.1000000000000005;0.4108016877637114;-0.08566929133858381
7.11;0.3876624472573833;-0.10006299212598468
7.12;0.41637130801687816;-0.11445669291338605
7.13;0.4549367088607598;-0.12885039370078752
7.140000000000001;0.4909873417721551;-0.07285039370077895
7.15;0.5256962025316485;0.02070866141733063
7.16;0.5621940928270065;0.11426771653543852
7.17;0.6007594936708867;0.2078267716535444
7.18;0.6361350210970459;0.2914645669291325
7.19;0.6631308016877654;0.3490393700787435
7.2;0.6715611814345893;0.40031496062992045
7.21;0.4864472573839575;0.385921259842519
7.22;0.3013333333333256;0.37152755905511753
7.23;0.13009282700421076;0.13059842519683693
7.24;-0.0395949367088545;-0.13568503937006893
7.25;0.06497890295357209;-0.19212598425197044
7.26;0.28094514767930917;-0.16333858267716744
7.2700000000000005;0.3295105485232057;-0.14207874015748015
7.28;0.22538396624472543;-0.1276850393700787
7.29;0.14578902953586514;-0.12292913385826768
7.3;0.11493670886075982;-0.13732283464566913
7.3100000000000005;0.10274261603376184;-0.14327559055117814
7.32;0.199156118143462;-0.1000944881889754
7.33;0.29556962025316214;-0.056913385826772675
7.34;0.2700084388185665;-0.06201574803149581
7.3500000000000005;0.23915611814345847;-0.06921259842519728
7.36;0.2736540084388209;-0.037606299212596665
7.37;0.3276455696202551;0.005574803149607815
7.38;0.3681687763713082;0.0068661417322832645
7.390000000000001;0.399021097046415;-0.021921259842521044
7.4;0.4283544303797473;-0.04503937007874037
7.41;0.4553502109704644;-0.059433070866141934
7.42;0.48075949367088616;-0.05458267716535399
7.43;0.500042194092827;0.02458267716535424
7.44;0.5200675105485284;0.10387401574803859
7.45;0.5817721518987389;0.19023622047244748
7.46;0.6434767932489495;0.2765984251968563
7.47;0.6795949367088606;0.3092440944881888
7.48;0.7104472573839662;0.3308346456692911
7.49;0.5237130801687883;0.23245669291339205
7.5;0.21518987341773532;0.06692913385827509
7.51;0.08484388185653588;-0.11815748031495003
7.5200000000000005;0.16968776371308297;-0.32686614173229017
7.53;0.2330886075949368;-0.41743307086613823
7.54;0.23694514767932476;-0.1799370078740234
7.55;0.24168776371307896;0.03826771653543409
7.5600000000000005;0.257113924050633;0.02387401574803135
7.57;0.27254008438818567;0.009480314960629892
7.58;0.3427848101265819;-0.024094488188976235
7.59;0.4199156118143452;-0.06007874015747998
7.6000000000000005;0.38362869198311883;-0.04566929133858121
7.61;0.29878481012658265;-0.009685039370078925
7.62;0.26725738396624416;0.022614173228345545
7.63;0.286540084388185;0.05140157480314846
7.640000000000001;0.30707172995780707;0.07086614173228334
7.65;0.33021097046413594;0.07086614173228334
7.66;0.3580590717299597;0.058173228346453415
7.67;0.4159071729957821;-0.03538582677165618
7.68;0.4737552742616046;-0.12894488188976577
7.69;0.4841012658227853;-0.09294488188976091
7.7;0.49181434599156126;-0.049763779527558186
7.71;0.5141687763713081;0.020740157480315206
7.72;0.5411645569620254;0.09990551181102333
7.73;0.5527426160337554;0.19551181102363058
7.74;0.5527426160337554;0.3034645669291417
7.75;0.537974683544302;0.35629921259842334
7.76;0.49940928270042184;0.32031496062992104
7.7700000000000005;0.43155274261602355;0.27031496062991534
7.78;0.2425822784810036;0.16236220472440419
7.79;0.05583966244726366;0.0550236220472434
7.8;0.20624472573840194;0.04062992125984194
7.8100000000000005;0.3566497890295536;0.0262362204724392
7.82;0.45971308016878054;0.00595275590551082
7.83;0.5522700421940889;-0.015637795275589617
7.84;0.5305991561181503;-0.010015748031497733
7.8500000000000005;0.4418987341772147;0.011574803149606377
7.86;0.4060421940928268;0.029984251968503857
7.87;0.4368945147679322;0.04437795275590532
7.88;0.4481687763713086;0.051464566929133974
7.890000000000001;0.4018902953586465;0.03707086614173123
7.9;0.36016877637130923;0.023622047244094446
7.91;0.3833080168776374;0.023622047244094446
7.92;0.40644725738396553;0.023622047244094446
7.930000000000001;0.4498902953586519;0.010992125984251323
7.94;0.49616877637130974;-0.0034015748031501376
7.95;0.5078902953586496;-0.032677165354331836
7.96;0.5040337552742614;-0.0686614173228356
7.97;0.5233670886075947;-0.07579527559055126
7.98;0.5657890295358667;-0.05420472440944792
7.99;0.5961434599156119;-0.023606299212598072
8.0;0.6;0.02677165354330703
8.01;0.6110717299578055;0.08253543307086544
8.02;0.6727763713080162;0.17609448818897513
8.03;0.7344810126582267;0.2696535433070848
8.040000000000001;0.5650295358649648;0.2755905511811023
8.05;0.37991561181434813;0.2755905511811023
8.06;0.3189029535864987;0.08708661417323774
8.07;0.2996202531645578;-0.16480314960628822
8.08;0.34730801687763213;-0.22318110236220937
8.09;0.4475780590717243;-0.1296220472440998
8.1;0.4918987341772183;-0.057480314960632245
8.11;0.4417637130801722;-0.021496062992128494
8.120000000000001;0.3980084388185638;0.0065511811023614515
8.13;0.3825822784810111;-0.0006456692913392788
8.14;0.3671561181434585;-0.007842519685040007
8.15;0.3325316455696173;-0.007874015748031482
8.16;0.29782278481012386;-0.007874015748031482
8.17;0.3409620253164601;-0.013685039370079234
8.18;0.4026666666666706;-0.020881889763779964
8.19;0.44765400843881875;-0.03699212598425217
8.2;0.4823628691983094;-0.0585826771653527
8.21;0.5187341772151915;-0.055354330708659805
8.22;0.5572995780590733;-0.019370078740156053
8.23;0.5827510548523201;-0.0026141732283479716
8.24;0.5673248945147675;-0.04579527559055245
8.25;0.5542194092827012;-0.08307086614173091
8.26;0.5812151898734182;-0.01829921259842425
8.27;0.6082109704641354;0.046472440944882426
8.28;0.6218396624472566;0.08629921259842273
8.290000000000001;0.6334092827004222;0.12228346456692994
8.3;0.6554430379746833;0.20220472440944792
8.31;0.6824388185654003;0.3029606299212584
8.32;0.5979071729957848;0.2696692913385864
8.33;0.39736708860760045;0.09694488188976857
8.34;0.30280168776370797;-0.017102362204725108
8.35;0.45320675105484626;0.004488188976377084
8.36;0.5790379746835472;0.023622047244094446
8.370000000000001;0.513476793248937;0.023622047244094446
8.38;0.44791561181433837;0.023622047244094446
8.39;0.3680759493670796;0.03028346456692989
8.4;0.28708860759492816;0.03748031496063062
8.41;0.2857299578059083;0.018141732283463368
8.42;0.31272573839662327;-0.010645669291337215
8.43;0.3481940928270004;-0.05129133858267261
8.44;0.3906160337552702;-0.10166929133857783
8.45;0.4191139240506325;-0.11826771653543745
8.46;0.4229704641350213;-0.0750866141732253
8.47;0.4328270042194116;-0.031905511811020845
8.48;0.4713924050632933;0.011275590551183538
8.49;0.509957805907175;0.05445669291338792
8.5;0.49156118143459987;0.0480314960629923
8.51;0.4722784810126606;0.04083464566929215
8.52;0.4929282700421916;0.02790551181102474
8.53;0.5237805907172993;0.01351181102362211
8.540000000000001;0.5734008438818656;0.03851968503937751
8.55;0.6351054852320712;0.08889763779527864
8.56;0.682227848101266;0.16346456692913464
8.57;0.7092236286919831;0.2714173228346458
8.58;0.7093839662447262;0.3226141732283472
8.59;0.6206835443037985;0.18587401574803303
8.6;0.5345147679324899;0.05007874015748226
8.61;0.5036624472573846;-0.06507086614172963
8.620000000000001;0.47281012658227395;-0.18022047244096198
8.63;0.5079493670886109;-0.18453543307086515
8.64;0.554227848101265;-0.17014173228346474
8.65;0.5232911392405096;-0.12692913385827045
8.66;0.4538734177215228;-0.06935433070866451
8.67;0.44544303797468;-0.03247244094488271
8.68;0.5032911392405024;-0.018078740157481253
8.69;0.5207341772151959;-0.007874015748031482
8.700000000000001;0.43974683544303006;-0.007874015748031482
8.71;0.3754177215189947;-0.007874015748031482
8.72;0.45640506329114616;-0.007874015748031482
8.73;0.5373924050632976;-0.007874015748031482
8.74;0.5160843881856517;-0.02762204724409601
8.75;0.4852320675105464;-0.049212598425198206
8.76;0.4683881856540077;0.0023937007874064234
8.77;0.45681856540084326;0.08155905511811454
8.78;0.4514767932489452;0.10648818897637784
8.790000000000001;0.4514767932489452;0.08489763779527346
8.8;0.45417721518987375;0.05826771653543169
8.81;0.46189029535865006;0.022283464566928042
8.82;0.48146835443038166;-0.010204724409449133
8.83;0.562455696202533;-0.02459842519685059
8.84;0.6434430379746843;-0.03899212598425206
8.85;0.6831223628691954;0.009685039370074963
8.86;0.7216877637130739;0.06006299212597599
8.870000000000001;0.563333333333335;0.05955905511811024
8.88;0.3512236286919862;0.045165354330708785
8.89;0.2980759493670876;0.06516535433070772
8.9;0.35206751054852176;0.10834645669291221
8.91;0.37134177215189973;0.08674015748031873
8.92;0.3404894514767944;-0.02840944881889315
8.93;0.30367088607595194;-0.1340157480314928
8.94;0.2458227848101296;-0.20598425196850023
8.950000000000001;0.19000000000000059;-0.2744094488188933
8.96;0.1938565400843887;-0.23842519685038963
8.97;0.1977130801687768;-0.20244094488188596
8.98;0.23088607594937097;-0.06919685039368553
8.99;0.26945147679325254;0.08193700787403008
9.0;0.29535864978903015;0.020472440944875728
9.01;0.31464135021096945;-0.15225196850392808
9.02;0.3339240506329095;-0.20702362204725214
9.03;0.3532067510548502;-0.12785826771654402
9.040000000000001;0.37248945147679446;-0.0567559055118079
9.05;0.3917721518987353;-0.00637795275590268
9.06;0.4121181434599173;0.033417322834642264
9.07;0.4429704641350225;-0.031354330708664405
9.08;0.47382278481012774;-0.09612598425197108
9.09;0.5081603375527413;-0.1674015748031467
9.1;0.542869198312232;-0.23937007874014826
9.11;0.5941350210970407;-0.2134960629921324
9.120000000000001;0.651983122362878;-0.14872440944880896
9.13;0.6732236286919814;-0.057385826771637116
9.14;0.6616540084388179;0.05776377952756542
9.15;0.6317721518987345;0.07771653543307158
9.16;0.5662109704641357;-0.08781102362204549
9.17;0.5064725738396629;-0.2522519685039344
9.18;0.47947679324894577;-0.41058267716535074
9.19;0.45248101265822865;-0.5689133858267671
9.200000000000001;0.40691983122362213;-0.4362204724409245
9.21;0.3606413502109641;-0.29228346456690957
9.22;0.33826160337552635;-0.3211653543307139
9.23;0.3228354430379749;-0.4003307086614156
9.24;0.34585654008438504;-0.4668346456692878
9.25;0.39599156118143114;-0.5244094488188937
9.26;0.4230886075949372;-0.5074645669291432
9.27;0.41537552742616096;-0.3779212598425299
9.28;0.4149535864978881;-0.25896062992126656
9.290000000000001;0.44194936708861;-0.17979527559054437
9.3;0.4682700421940926;-0.10346456692913793
9.31;0.46441350210970433;-0.15384251968504314
9.32;0.46055696202531615;-0.20422047244094835
9.33;0.46634599156118184;-0.21859842519685088
9.34;0.4740590717299582;-0.22579527559055163
9.35;0.541518987341777;-0.2237007874015745
9.36;0.6417890295358692;-0.21650393700787376
9.370000000000001;0.7050210970464169;-0.20930708661417202
9.38;0.7243037974683562;-0.2021102362204719
9.39;0.7404725738396627;-0.19491338582677156
9.4;0.748185654008439;-0.1877165354330707
9.41;0.7474683544303785;-0.18692913385826845
9.42;0.6510548523206745;-0.25889763779527597
9.43;0.5546413502109706;-0.33086614173228346
9.44;0.5615189873417706;-0.2936062992126025
9.450000000000001;0.5808016877637132;-0.24322834645669245
9.46;0.5076962025316477;-0.2790551181102348
9.47;0.3958565400843911;-0.35102362204724225
9.48;0.33579746835443075;-0.3746771653543314
9.49;0.3242278481012662;-0.35308661417322923
9.5;0.32278481012658133;-0.31496062992126306
9.51;0.3420675105485221;-0.24299212598425557
9.52;0.3618902953586483;-0.17303937007874332
9.53;0.3850295358649774;-0.11546456692913738
9.540000000000001;0.40816877637131066;-0.05788976377952121
9.55;0.3982700421940917;-0.13732283464567807
9.56;0.38670042194092713;-0.22368503937008702
9.57;0.4104725738396655;-0.24959055118110302
9.58;0.44518143459915893;-0.25678740157480373
9.59;0.4599156118143459;-0.24741732283464501
9.6;0.4599156118143459;-0.2258267716535446
9.61;0.4673839662447235;-0.2153858267716528
9.620000000000001;0.4866666666666677;-0.2225826771653548
9.63;0.5120928270042219;-0.2125826771653502
9.64;0.5622278481012681;-0.13341732283464197
9.65;0.6121097046413514;-0.05464566929133676
9.66;0.6391054852320684;-0.011464566929132378
9.67;0.6661012658227856;0.031716535433072
9.68;0.6613670886075954;0.11634645669290909
9.69;0.6497974683544319;0.2099055118110112
9.700000000000001;0.5819409282700361;0.14818897637794362
9.71;0.48167088607593567;-0.0029448818897842843
9.72;0.4382109704641387;-0.12837795275591846
9.73;0.4652067510548537;-0.22193700787402043
9.74;0.4862278481012658;-0.324787401574801
9.75;0.4900843881856539;-0.45433070866141445
9.76;0.4963713080168765;-0.5692598425196874
9.77;0.5349367088607582;-0.49009448818897916
9.78;0.5735021097046398;-0.4109291338582709
9.790000000000001;0.5542531645569586;-0.32541732283463437
9.8;0.5272573839662414;-0.2390551181102255
9.81;0.5296877637130812;-0.14270866141731667
9.82;0.5451139240506326;-0.04195275590551442
9.83;0.3889957805907407;0.007874015748031482
9.84;0.06504641350213503;0.007874015748031482
9.85;-0.16223628691982966;0.007874015748031482
9.86;-0.18151898734177047;0.007874015748031482
9.870000000000001;-0.2027932489451505;0.007874015748031482
9.88;-0.23750210970464394;0.007874015748031482
9.89;-0.2722109704641374;0.007874015748031482
9.9;-0.23797468354430135;0.007874015748031482
9.91;-0.1994092827004197;0.007874015748031482
9.92;-0.1608438818565381;0.007874015748031482
9.93;-0.12227848101265656;0.007874015748031482
9.94;-0.10766244725738412;0.007874015748031482
9.950000000000001;-0.11151898734177293;0.007874015748031482
9.96;-0.09650632911391606;0.007874015748031482
9.97;-0.050227848101261935;0.007874015748031482
9.98;-0.003949367088607811;0.007874015748031482
9.99;0.04232911392404631;0.007874015748031482
10.0;0.08860759493670042;0.007874015748031482
